"","PTS","Run","FWD_rate"
"1","sub-0035","run-1",0.724274406332454
"2","sub-0035","run-2",0.70844327176781
